{
  "timestamp": "2025-12-17T02:01:08.819032",
  "epoch": 6,
  "train_loss": 0.5850617482448919,
  "val_loss": 0.6418380759103327,
  "accuracy": 71.77622377622377,
  "num_params": 411139,
  "sequence_length": 120,
  "hidden_size": 512
}