{
  "timestamp": "2025-12-12T00:36:20.003313",
  "epoch": 5,
  "train_loss": 0.5814775016932442,
  "val_loss": 0.6400935215940629,
  "accuracy": 71.63636363636364,
  "num_params": 411139,
  "sequence_length": 120,
  "hidden_size": 512
}