{
  "timestamp": "2025-12-17T02:52:38.710977",
  "epoch": 4,
  "train_loss": 0.8429237678409004,
  "val_loss": 0.8087537954948969,
  "accuracy": 62.773226773226774,
  "num_params": 113051,
  "sequence_length": 120,
  "patch_len": 12,
  "d_model": 128
}