{
  "mean": [
    7910.12109375,
    4655378.0,
    7919.12890625,
    7955.537109375,
    48.951107025146484,
    -13.355589866638184,
    -13.151630401611328,
    8053.69482421875,
    7928.962890625,
    7804.23046875,
    55.87696838378906,
    4640976.0,
    -0.018224919214844704,
    55.954673767089844
  ],
  "std": [
    27202.5546875,
    19293520.0,
    27230.904296875,
    27345.486328125,
    15.999734878540039,
    150.59263610839844,
    142.52877807617188,
    27676.82421875,
    27262.404296875,
    26849.998046875,
    199.20443725585938,
    14707325.0,
    0.9880903959274292,
    221.6363525390625
  ]
}